<VisualMicro>
  <Program Name="AKLogger" Ext=".ino" Location="C:\Users\Laurin Laptop\Documents\Arduino\AKLogger">
    <Platform Name="arduino10x" Package="arduino" Platform="avr" Architecture="avr">
      <Board Name="mega2560" Description="Arduino Mega 2560 or Mega ADK" CoreFolder="C:\Program Files (x86)\Arduino\hardware\arduino\cores\arduino" VariantFullPath="C:\Program Files (x86)\Arduino\hardware\arduino\variants\mega" McuIdePath="C:\Program Files (x86)\Arduino" McuSketchBookPath="C:\Users\Laurin Laptop\Documents\Arduino" name="Arduino Mega 2560 or Mega ADK" upload.protocol="wiring" upload.maximum_size="258048" upload.speed="115200" bootloader.low_fuses="0xFF" bootloader.high_fuses="0xD8" bootloader.extended_fuses="0xFD" bootloader.path="stk500v2" bootloader.file="stk500boot_v2_mega2560.hex" bootloader.unlock_bits="0x3F" bootloader.lock_bits="0x0F" build.mcu="atmega2560" build.f_cpu="16000000L" build.core="arduino" build.variant="mega" runtime.ide.path="C:\Program Files (x86)\Arduino" build.system.path="C:\Program Files (x86)\Arduino\hardware\arduino\system" runtime.ide.version="105" originalid="mega2560" vm.platform.root.path="C:\Program Files (x86)\Visual Micro\Visual Micro for Arduino\Micro Platforms\arduino10x" build.core.vmresolved="C:\Program Files (x86)\Arduino\hardware\arduino\cores\arduino" build.core.parentfolder.vmresolved="C:\Program Files (x86)\Arduino\hardware\arduino\cores" build.core.coresparentfolder.vmresolved="C:\Program Files (x86)\Arduino\hardware\arduino" vm.core.include="arduino.h" ide.hint="Arduino 0023 and 1.0.x Ide" ide.location.key="Arduino" ide.location.ide.winreg="Arduino 1.0.x Application" ide.location.sketchbook.winreg="Arduino 1.0.x Sketchbook" ide.location.sketchbook.preferences="sketchbook.path" ide.location.sketchbook.default="%MYDOCUMENTS%\arduino" ide.location.preferences="%VM_APPDATA_ROAMING%\arduino\preferences.txt" ide.default.package="arduino" ide.default.platform="avr" ide.multiplatform="true" ide.includes="arduino.h" ide.platformswithoutpackage="true" ide.includes.fallback="wprogram.h" ide.extension="ino" ide.extension.fallback="pde" ide.versionLTEQ="149" ide.exe="arduino.exe" ide.hosts="atmel" ide.url="http://arduino.cc/en/Main/Software" vm.debug="true" software="ARDUINO" ide.appid="arduino10x" location.sketchbook="C:\Users\Laurin Laptop\Documents\Arduino" build.board="AVR_MEGA2560" vm.boardsource.path="C:\Program Files (x86)\Arduino\hardware\arduino" vm.platformname.name="avr" build.arch="AVR" build.variant.vmresolved="C:\Program Files (x86)\Arduino\hardware\arduino\variants\mega" compiler.path="C:\Program Files (x86)\Arduino\hardware\tools\avr\bin\" includes=" -I&quot;C:\Program Files (x86)\Arduino\hardware\arduino\cores\arduino&quot;  -I&quot;C:\Program Files (x86)\Arduino\hardware\arduino\variants\mega&quot;  -I&quot;C:\Program Files (x86)\Arduino\libraries\Metro&quot;  -I&quot;C:\Program Files (x86)\Arduino\libraries\Wire&quot;  -I&quot;C:\Program Files (x86)\Arduino\libraries\Wire\utility&quot;" build.path="C:\Users\Laurin Laptop\AppData\Local\VMicro\Arduino\Builds\AKLogger\mega2560" build.project_name="AKLogger" build.variant.path="C:\Program Files (x86)\Arduino\hardware\arduino\variants\mega" archive_file="core.a" object_file="C:\Users\Laurin Laptop\AppData\Local\VMicro\Arduino\Builds\AKLogger\mega2560\Wire\utility\twi.c.o" source_file="C:\Program Files (x86)\Arduino\libraries\Wire\utility\twi.c" object_files="&quot;C:\Users\Laurin Laptop\AppData\Local\VMicro\Arduino\Builds\AKLogger\mega2560\AKLogger.cpp.o&quot; &quot;C:\Users\Laurin Laptop\AppData\Local\VMicro\Arduino\Builds\AKLogger\mega2560\Communication.cpp.o&quot; &quot;C:\Users\Laurin Laptop\AppData\Local\VMicro\Arduino\Builds\AKLogger\mega2560\EventHandler.cpp.o&quot; &quot;C:\Users\Laurin Laptop\AppData\Local\VMicro\Arduino\Builds\AKLogger\mega2560\PressureSensor.cpp.o&quot; &quot;C:\Users\Laurin Laptop\AppData\Local\VMicro\Arduino\Builds\AKLogger\mega2560\Metro\Metro.cpp.o&quot; &quot;C:\Users\Laurin Laptop\AppData\Local\VMicro\Arduino\Builds\AKLogger\mega2560\Wire\Wire.cpp.o&quot; &quot;C:\Users\Laurin Laptop\AppData\Local\VMicro\Arduino\Builds\AKLogger\mega2560\Wire\utility\twi.c.o&quot; " build.architecture="avr" vmresolved.compiler.path="C:\Program Files (x86)\Arduino\hardware\tools\avr\bin\" vmresolved.tools.path="C:\Program Files (x86)\Arduino\hardware\tools\avr" />
    </Platform>
    <Compile CompilerErrors="0" ConfigurationName="Debug" StopOnError="False" OptimiseLibs="True" OptimiseCore="True" BuildPath="C:\Users\Laurin Laptop\AppData\Local\VMicro\Arduino\Builds\AKLogger\mega2560" IsDebugStart="1" IncludeDebug="0" IncludesDebug="0" SketchName="AKLogger" IsCompiled="1" />
    <Debug DebugEnabled="0" />
    <VCCodeModel>
      <VCCodeMacros />
    </VCCodeModel>
  </Program>
</VisualMicro>